title,score,num_comments,created_utc,url,title_cleaned
Times Square right now,488281,14001,2021-01-30 18:00:38,https://v.redd.it/x64z70f7eie61,times square right now
UPVOTE so everyone sees we got SUPPORT,338307,12847,2021-01-28 13:40:34,https://i.redd.it/sgoqy8nyt2e61.png,upvote so everyone sees we got support
GME YOLO update ‚Äî Jan 28 2021,300628,23025,2021-01-28 21:06:23,https://i.redd.it/opzucppb15e61.png,gme yolo update  jan  
GME YOLO month-end update ‚Äî Jan 2021,264751,19907,2021-01-29 21:04:45,https://i.redd.it/r557em3t5ce61.png,gme yolo monthend update  jan 
It‚Äôs treason then,247289,4600,2021-01-29 23:40:59,https://i.redd.it/d3t66lv1yce61.jpg,its treason then
"CLASS ACTION AGAINST ROBINHOOD. Allowing people to only sell is the definition of market manipulation. A class action must be started, Robinhood has made plenty of money off selling info about our trades to the hedge funds to be able to pay out a little for causing people to loose money now",228349,17847,2021-01-28 13:49:11,https://www.reddit.com/r/wallstreetbets/comments/l6x130/class_action_against_robinhood_allowing_people_to/,class action against robinhood allowing people to only sell is the definition of market manipulation a class action must be started robinhood has made plenty of money off selling info about our trades to the hedge funds to be able to pay out a little for causing people to loose money now
GME YOLO update ‚Äî Feb 19 2021,224594,12893,2021-02-19 21:05:55,https://i.redd.it/2xswz0h11ii61.png,gme yolo update  feb  
GME YOLO update ‚Äî Jan 27 2021 --------------------------------------- guess i need 102 characters in title now,218668,14650,2021-01-27 21:15:35,https://i.redd.it/a309gkm5yxd61.png,gme yolo update  jan    guess i need  characters in title now
GME YOLO update ‚Äî Feb 1 2021,217481,18065,2021-02-01 21:07:36,https://i.redd.it/og8ca1xskxe61.png,gme yolo update  feb  
IT'S POWER TO THE TRADERS NOW,216323,5641,2021-01-29 01:35:58,https://v.redd.it/lu8aekujd6e61,its power to the traders now
"Used some of my GME tendies to buy Nintendo Switches from Gamestop, then donated them to a Children's Hospital. Got featured on the local news and brought glory to WSB.",215207,6999,2021-01-30 02:53:40,https://www.nbcdfw.com/news/local/north-texas-investor-uses-gamestop-gains-help-sick-children/2537134/,used some of my gme tendies to buy nintendo switches from gamestop then donated them to a childrens hospital got featured on the local news and brought glory to wsb
That‚Äôs what I thought,201992,4549,2021-01-30 00:24:35,https://i.redd.it/f2yhugwt5de61.jpg,thats what i thought
Can we all take a moment and appreciate the Mods who have grinded through this and held our community together. Thank you.,197740,6813,2021-01-28 00:57:32,https://www.reddit.com/r/wallstreetbets/comments/l6jobf/can_we_all_take_a_moment_and_appreciate_the_mods/,can we all take a moment and appreciate the mods who have grinded through this and held our community together thank you
"It runs very deep, my friends.",194133,2771,2021-01-28 21:47:55,https://i.redd.it/b8zy92sy85e61.jpg,it runs very deep my friends
I am proud to do my part in paying forward our good fortune with a donation of 6 Nintendo Switches and games to go with them to the Children‚Äôs Minnesota Hospital. Cant Stop. Won‚Äôt Stop. GameStop. (Still long 50 shares I WILL NOT SELL),190041,3808,2021-01-31 01:04:23,https://i.redd.it/sgrbt9vthke61.jpg,i am proud to do my part in paying forward our good fortune with a donation of  nintendo switches and games to go with them to the childrens minnesota hospital cant stop wont stop gamestop still long  shares i will not sell
Crazy mannnnnnn. We can't let this slide at all,189798,2374,2021-01-28 18:42:01,https://i.redd.it/8bels7zob4e61.jpg,crazy mannnnnnn we cant let this slide at all
Drew this for you my fellow retards üíéüôåüèº,186484,3467,2021-01-31 20:04:58,https://i.redd.it/h7sap8vb5qe61.jpg,drew this for you my fellow retards 
Mark Cuban spent nearly 2 hours answering questions in his AMA. And then immediately called into CNBC to defend WSB!,182286,4356,2021-02-02 16:25:43,https://i.redd.it/5gwwn8rxb3f61.jpg,mark cuban spent nearly  hours answering questions in his ama and then immediately called into cnbc to defend wsb
I‚Äôm so proud of you all.,181055,2412,2021-01-28 21:33:21,https://i.redd.it/ykiux57d65e61.jpg,im so proud of you all
WE'RE IN THE ENDGAME NOW,177366,6429,2021-01-29 08:21:42,https://v.redd.it/ilaw5wowd8e61,were in the endgame now
GME YOLO update ‚Äî Apr 16 2021 ‚Äî final update,175786,17877,2021-04-16 20:20:13,https://i.redd.it/n7m08253glt61.png,gme yolo update  apr    final update
WSB right now,173665,4133,2021-02-02 22:32:08,https://i.redd.it/ptv7nhxy35f61.png,wsb right now
In honor of finally seeing the almighty u/deepfuckingvalue. We must now do our part in having him written in the history books as the greatest that WallStreetBets has ever seen.,173445,3726,2021-01-29 17:58:34,https://i.redd.it/2a8b56my8be61.jpg,in honor of finally seeing the almighty udeepfuckingvalue we must now do our part in having him written in the history books as the greatest that wallstreetbets has ever seen
GME YOLO update ‚Äî Mar 8 2021,171948,8075,2021-03-08 21:08:31,https://i.redd.it/9jfy2u8bdvl61.png,gme yolo update  mar  
Congress might do something for once,168703,6658,2021-01-28 23:18:35,https://i.redd.it/3lo7rt55p5e61.jpg,congress might do something for once
A message to WSB from the Director of the Dian Fossey Gorilla Fund!,167051,5911,2021-03-13 23:14:32,https://v.redd.it/l3stpkyrnvm61,a message to wsb from the director of the dian fossey gorilla fund
GME YOLO update ‚Äî Feb 2 2021,161719,17428,2021-02-02 21:11:48,https://i.redd.it/rr9n7obwq4f61.png,gme yolo update  feb  
"Not sure if anyone posted this here, but yikes",161239,5718,2021-01-28 22:50:11,https://i.redd.it/76bcnhs2k5e61.jpg,not sure if anyone posted this here but yikes
"Hey everyone, Its Mark Cuban. Jumping on to do an AMA.... so Ask Me Anything",159711,26313,2021-02-02 14:35:23,https://www.reddit.com/r/wallstreetbets/comments/lawubt/hey_everyone_its_mark_cuban_jumping_on_to_do_an/,hey everyone its mark cuban jumping on to do an ama so ask me anything
IMPORTANT!! THERE ARE NO SELLERS!!! DO NOT PANIC IF YOU SEE PRICE DROP HOLD THE LINE! UPVOTE SO PEOPLE DON‚ÄôT PANIC.,159072,4886,2021-01-28 15:50:05,https://i.redd.it/j6g1paf4h3e61.jpg,important there are no sellers do not panic if you see price drop hold the line upvote so people dont panic
Doing my part,157833,2774,2021-01-28 21:10:30,https://i.redd.it/af2t6dp725e61.png,doing my part
Our favourite analyst. üöÄüöÄüôåüíéüåï,156304,4096,2021-01-30 19:46:11,https://i.redd.it/djm50uj2xie61.jpg,our favourite analyst 
Forever never dies ü•∞,155103,2770,2021-01-31 02:36:00,https://i.redd.it/nn96rnp6yke61.jpg,forever never dies 
In case you needed proof that there are imposters among us. A bot posting the same negative sentiment comment multiple times per minute üåàüêª,152441,5898,2021-02-01 22:00:53,https://www.reddit.com/gallery/lafh4d,in case you needed proof that there are imposters among us a bot posting the same negative sentiment comment multiple times per minute 
GME YOLO month-end update ‚Äî Feb 2021,150764,7646,2021-02-26 21:07:18,https://i.redd.it/20ro9puizvj61.png,gme yolo monthend update  feb 
Mic drop,150390,1810,2021-01-28 22:12:04,https://i.redd.it/ozzh6wv9d5e61.jpg,mic drop
Fake news ü§£,149190,6037,2021-02-01 17:26:40,https://i.redd.it/hqyf4qyxhwe61.jpg,fake news 
GME YOLO update ‚Äî Feb 3 2021 ‚Äì heads up gonna back off the daily updates for now,147980,9962,2021-02-03 21:18:25,https://i.redd.it/93vf02k2wbf61.png,gme yolo update  feb    heads up gonna back off the daily updates for now
"WSB PIONEER. FEARLESS BAG HOLDER. BETTER THAN DIAMOND HANDS. RICHER THAN YOUR WIFE‚ÄôS BOYFRIEND‚ÄôS UNCLE. YES, THIS IS NONE OTHER THAN DEEPFUCKINGVALUE HIMSELF.",147474,5765,2021-01-29 16:10:59,https://i.redd.it/qdi8ldgrpae61.jpg,wsb pioneer fearless bag holder better than diamond hands richer than your wifes boyfriends uncle yes this is none other than deepfuckingvalue himself
"WSB, WHAT IS YOUR STRATEGY? üíé‚úãüöÄ",146852,5143,2021-01-29 12:04:34,https://v.redd.it/gu8zbgeyf9e61,wsb what is your strategy 
If I can hold at -$10MM then you can hold too. üíéüôå,145321,6968,2021-01-28 16:11:24,https://i.redd.it/e2ra46rsk3e61.jpg,if i can hold at mm then you can hold too 
"Today, Interactive Brokers CEO admits that without the buying restrictions, $GME would have gone up in to the thousands",145260,7841,2021-02-18 01:37:20,https://v.redd.it/6v6qywrv35i61,today interactive brokers ceo admits that without the buying restrictions gme would have gone up in to the thousands
We are all the way up,144876,1970,2021-01-29 00:10:53,https://v.redd.it/jj0wn3cfy5e61,we are all the way up
"An Open Letter to Melvin Capital, CNBC, Boomers, and WSB",144050,7612,2021-01-28 05:06:14,https://www.reddit.com/r/wallstreetbets/comments/l6omry/an_open_letter_to_melvin_capital_cnbc_boomers_and/,an open letter to melvin capital cnbc boomers and wsb
GameStop gear going to the new home at the Children‚Äôs hospital of Atlanta Monday. POWER TO THE PLAYERS !,142507,2376,2021-03-28 12:34:40,https://i.redd.it/4v4vipu0krp61.jpg,gamestop gear going to the new home at the childrens hospital of atlanta monday power to the players 
PREACH,141794,2357,2021-01-27 18:29:26,https://i.redd.it/5tcc1yym4xd61.jpg,preach
"I don't need Fox Business to hold me accountable, but I'll take it!",140606,2447,2021-02-25 20:59:06,https://i.redd.it/onrq8o9ptoj61.jpg,i dont need fox business to hold me accountable but ill take it
GME YOLO update ‚Äî Jan 26 2021,140118,9321,2021-01-26 21:08:03,https://i.redd.it/cltvfhzmrqd61.png,gme yolo update  jan  
Like this post if you are holding!!üíé The real squeeze is yet to happenüöÄ,139428,6800,2021-01-28 16:30:30,https://www.reddit.com/r/wallstreetbets/comments/l71fl1/like_this_post_if_you_are_holding_the_real/,like this post if you are holding the real squeeze is yet to happen
First of many lawsuits I hope ü§ûüèª out of this bullshit!!!! #DownWithTheHOOD,134679,5081,2021-01-28 17:39:53,https://i.redd.it/082ihpop04e61.jpg,first of many lawsuits i hope  out of this bullshit downwiththehood
